Timestamp,Temperature,Humidity,Moisture,Soilph
2025-04-26 16:06:14.327596,40, 59, 58, 10
2025-04-26 16:06:19.308190,41, 58, 57, 11
2025-04-26 16:06:24.348908,42, 60, 60, 12
2025-04-26 16:06:29.328245,43, 59, 59, 13
2025-04-26 16:06:34.308480,44, 58, 58, 14
2025-04-26 16:06:39.348311,40, 60, 57, 0
2025-04-26 16:06:44.328500,41, 59, 60, 1
2025-04-26 16:06:49.308638,42, 58, 59, 2
2025-04-26 16:06:54.349075,43, 60, 58, 3
2025-04-26 16:06:59.388929,44, 59, 57, 4
2025-04-26 16:07:04.308688,40, 58, 60, 5
2025-04-26 16:07:09.348594,41, 60, 59, 6
2025-04-26 16:07:14.328629,42, 59, 58, 7
2025-04-26 16:07:19.308767,43, 58, 57, 8
2025-04-26 16:07:24.349208,44, 60, 60, 9
2025-04-26 16:07:29.329502,40, 59, 59, 10
2025-04-26 16:07:34.308697,41, 58, 58, 11
2025-04-26 16:07:39.349143,42, 60, 57, 12
2025-04-26 16:07:44.328955,43, 59, 60, 13
2025-04-26 16:07:49.308904,44, 58, 59, 14
2025-04-26 16:07:54.349209,40, 60, 58, 0
2025-04-26 16:07:59.329748,41, 59, 57, 1
2025-04-26 16:08:04.308751,42, 58, 60, 2
2025-04-26 16:08:09.349245,43, 60, 59, 3
2025-04-26 16:08:14.329196,44, 59, 58, 4
2025-04-26 16:08:19.309657,40, 58, 57, 5
2025-04-26 16:08:24.349484,41, 60, 60, 6
2025-04-26 16:08:29.329322,42, 59, 59, 7
2025-04-26 16:08:34.309712,43, 58, 58, 8
2025-04-26 16:08:39.349501,44, 60, 57, 9
2025-04-26 16:08:44.329629,40, 59, 60, 10
2025-04-26 16:08:49.309504,41, 58, 59, 11
2025-04-26 16:08:54.349780,42, 60, 58, 12
2025-04-26 16:08:59.329393,43, 59, 57, 13
2025-04-26 16:09:04.309582,44, 58, 60, 14
2025-04-26 16:09:09.351545,40, 60, 59, 0
2025-04-26 16:09:14.329712,41, 59, 58, 1
2025-04-26 16:09:19.309740,42, 58, 57, 2
2025-04-26 16:09:24.349628,43, 60, 60, 3
2025-04-26 16:09:29.330099,44, 59, 59, 4
2025-04-26 16:09:34.369707,40, 58, 58, 5
2025-04-26 16:09:39.349891,41, 60, 57, 6
2025-04-26 16:09:44.329692,42, 59, 60, 7
2025-04-26 16:09:49.310820,43, 58, 59, 8
2025-04-26 16:09:54.349728,44, 60, 58, 9
2025-04-26 16:09:59.330514,40, 59, 57, 10
2025-04-26 16:10:04.310319,41, 58, 60, 11
2025-04-26 16:10:09.350070,42, 60, 59, 12
2025-04-26 16:10:14.330495,43, 59, 58, 13
2025-04-26 16:10:19.310074,44, 58, 57, 14
2025-04-26 16:10:24.350663,40, 60, 60, 0
2025-04-26 16:10:29.330599,41, 59, 59, 1
2025-04-26 16:10:34.310016,42, 58, 58, 2
2025-04-26 16:10:39.350328,43, 60, 57, 3
2025-04-26 16:10:44.330329,44, 59, 60, 4
2025-04-26 16:10:49.310570,40, 58, 59, 5
2025-04-26 16:10:54.350953,41, 60, 58, 6
2025-04-26 16:11:54.351300,43, 60, 58, 3
2025-04-26 16:11:59.330889,44, 59, 57, 4
2025-04-26 16:12:04.334168,40, 58, 60, 5
2025-04-26 16:12:09.352829,41, 60, 59, 6
2025-04-26 16:12:14.330882,42, 59, 58, 7
2025-04-26 16:12:19.311370,43, 58, 57, 8
2025-04-26 16:12:24.350883,44, 60, 60, 9
2025-04-26 16:12:29.331629,40, 59, 59, 10
2025-04-26 16:12:34.311431,41, 58, 58, 11
2025-04-26 16:12:39.351669,42, 60, 57, 12
2025-04-26 16:12:44.331252,43, 59, 60, 13
2025-04-26 16:12:49.311107,44, 58, 59, 14
2025-04-26 16:12:54.351824,40, 60, 58, 0
2025-04-26 16:12:59.331259,41, 59, 57, 1
2025-04-26 16:13:04.311841,42, 58, 60, 2
2025-04-26 16:13:09.351560,43, 60, 59, 3
2025-04-26 16:13:14.331968,44, 59, 58, 4
2025-04-26 16:13:19.311075,40, 58, 57, 5
2025-04-26 16:13:24.351588,41, 60, 60, 6
2025-04-26 16:13:29.331270,42, 59, 59, 7
2025-04-26 16:13:34.311717,43, 58, 58, 8
2025-04-26 16:13:39.351722,44, 60, 57, 9
2025-04-26 16:13:44.331216,40, 59, 60, 10
2025-04-26 16:13:49.311653,41, 58, 59, 11
2025-04-26 16:13:54.411987,42, 60, 58, 12
2025-04-26 16:13:59.331701,43, 59, 57, 13
2025-04-26 16:14:04.312180,44, 58, 60, 14
2025-04-26 16:14:09.351650,40, 60, 59, 0
2025-04-26 16:14:14.331999,41, 59, 58, 1
2025-04-26 16:14:19.311981,42, 58, 57, 2
2025-04-26 16:14:24.352076,43, 60, 60, 3
2025-04-26 16:14:29.392235,44, 59, 59, 4
2025-04-26 16:14:34.311974,40, 58, 58, 5
2025-04-26 16:14:39.352190,41, 60, 57, 6
2025-04-26 16:14:44.332209,42, 59, 60, 7
2025-04-26 16:14:49.312302,43, 58, 59, 8
2025-04-26 16:14:54.352624,44, 60, 58, 9
2025-04-26 16:14:59.334165,40, 59, 57, 10
2025-04-26 16:15:04.312248,41, 58, 60, 11
2025-04-26 16:15:09.351956,42, 60, 59, 12
2025-04-26 16:15:14.332077,43, 59, 58, 13
2025-04-26 16:15:19.312082,44, 58, 57, 14
2025-04-26 16:15:24.352880,40, 60, 60, 0
2025-04-26 16:15:29.331922,41, 59, 59, 1
2025-04-26 16:15:34.312373,42, 58, 58, 2
2025-04-26 16:15:39.352568,43, 60, 57, 3
2025-04-26 16:15:44.332673,44, 59, 60, 4
2025-04-26 16:15:49.313117,40, 58, 59, 5
2025-04-26 16:15:54.352453,41, 60, 58, 6
2025-04-26 16:15:59.332200,42, 59, 57, 7
2025-04-26 16:16:04.313038,43, 58, 60, 8
2025-04-26 16:16:09.352273,44, 60, 59, 9
2025-04-26 16:16:14.332868,40, 59, 58, 10
2025-04-26 16:16:19.312541,41, 58, 57, 11
2025-04-26 16:16:24.351997,42, 60, 60, 12
2025-04-26 16:16:29.332688,43, 59, 59, 13
2025-04-26 16:16:34.313198,44, 58, 58, 14
2025-04-26 16:16:39.292713,40, 60, 57, 0
2025-04-26 16:16:44.333182,41, 59, 60, 1
2025-04-26 16:16:49.313600,42, 58, 59, 2
2025-04-26 16:20:14.290146,43, 59, 58, 13
2025-04-26 16:20:19.314273,44, 58, 57, 14
2025-04-26 16:20:24.354878,40, 60, 60, 0
2025-04-26 16:20:29.394305,41, 59, 59, 1
2025-04-26 16:20:34.374798,42, 58, 58, 2
2025-04-26 16:20:39.294505,43, 60, 57, 3
2025-04-26 16:20:44.334549,44, 59, 60, 4
2025-04-26 16:20:49.316929,40, 58, 59, 5
2025-04-26 16:20:54.295289,41, 60, 58, 6
2025-04-26 16:20:59.334631,42, 59, 57, 7
2025-04-26 16:21:04.314600,43, 58, 60, 8
2025-04-26 16:21:09.294895,44, 60, 59, 9
2025-04-26 16:21:14.335334,40, 59, 58, 10
2025-04-26 16:21:19.315544,41, 58, 57, 11
2025-04-26 16:21:24.355517,42, 60, 60, 12
2025-04-26 16:21:29.335574,43, 59, 59, 13
2025-04-26 16:21:34.315282,44, 58, 58, 14
2025-04-26 16:21:39.295103,40, 60, 57, 0
2025-04-26 16:21:44.335514,41, 59, 60, 1
2025-04-26 16:21:49.375329,42, 58, 59, 2
2025-04-26 16:21:54.295609,43, 60, 58, 3
2025-04-26 16:21:59.335885,44, 59, 57, 4
2025-04-26 16:22:04.315681,40, 58, 60, 5
2025-04-26 16:22:09.295811,41, 60, 59, 6
2025-04-26 16:22:14.335389,42, 59, 58, 7
2025-04-26 16:22:19.315531,43, 58, 57, 8
2025-04-26 16:22:24.295925,44, 60, 60, 9
2025-04-26 16:22:29.335236,40, 59, 59, 10
2025-04-26 16:22:34.315972,41, 58, 58, 11
2025-04-26 16:22:39.295573,42, 60, 57, 12
2025-04-26 16:22:44.335651,43, 59, 60, 13
2025-04-26 16:22:49.315479,44, 58, 59, 14
2025-04-26 16:22:54.295229,40, 60, 58, 0
2025-04-26 16:22:59.336228,41, 59, 57, 1
2025-04-26 16:23:04.315374,42, 58, 60, 2
2025-04-26 16:23:09.295245,43, 60, 59, 3
2025-04-26 16:23:14.335912,44, 59, 58, 4
2025-04-26 16:23:19.376201,40, 58, 57, 5
2025-04-26 16:23:24.296154,41, 60, 60, 6
2025-04-26 16:23:29.335904,42, 59, 59, 7
2025-04-26 16:23:34.315570,43, 58, 58, 8
2025-04-26 16:23:39.295824,44, 60, 57, 9
2025-04-26 16:23:44.336152,40, 59, 60, 10
2025-04-26 16:23:49.317887,41, 58, 59, 11
2025-04-26 16:23:54.296197,42, 60, 58, 12
2025-04-26 16:23:59.336476,43, 59, 57, 13
2025-04-26 16:24:04.316558,44, 58, 60, 14
2025-04-26 16:24:09.296121,40, 60, 59, 0
2025-04-26 16:24:14.335995,41, 59, 58, 1
2025-04-26 16:24:19.316082,42, 58, 57, 2
2025-04-26 16:24:24.296016,43, 60, 60, 3
2025-04-26 16:24:29.336383,44, 59, 59, 4
2025-04-26 16:24:34.316245,40, 58, 58, 5
2025-04-26 16:24:39.295912,41, 60, 57, 6
2025-04-26 16:24:44.336275,42, 59, 60, 7
2025-04-26 16:24:49.316435,43, 58, 59, 8
2025-04-26 16:24:54.296421,44, 60, 58, 9
2025-04-26 16:24:59.337033,40, 59, 57, 10
2025-04-26 16:25:04.316216,41, 58, 60, 11
2025-04-26 16:25:09.296869,42, 60, 59, 12
2025-04-26 16:25:14.336839,43, 59, 58, 13
2025-04-26 16:25:19.316543,44, 58, 57, 14
2025-04-26 16:25:24.297039,40, 60, 60, 0
2025-04-26 16:25:29.336675,41, 59, 59, 1
2025-04-26 16:25:34.317313,42, 58, 58, 2
2025-04-26 16:25:39.296606,43, 60, 57, 3
2025-04-26 16:25:44.336907,44, 59, 60, 4
2025-04-26 16:25:49.317495,40, 58, 59, 5
2025-04-26 16:25:54.296801,41, 60, 58, 6
2025-04-26 16:27:24.282680,44, 60, 60, 9
2025-04-26 16:27:29.338556,40, 59, 59, 10
2025-04-26 16:27:34.317984,41, 58, 58, 11
2025-04-26 16:36:39.302643,40, 60, 57, 0
2025-04-26 16:36:44.281903,41, 59, 60, 1
2025-04-26 16:36:49.381940,42, 58, 59, 2
2025-04-26 16:36:54.301833,43, 60, 58, 3
2025-04-26 16:36:59.282042,44, 59, 57, 4
2025-04-26 16:37:04.320993,40, 58, 60, 5
2025-04-26 16:37:09.422123,41, 60, 59, 6
2025-04-26 16:37:14.282186,42, 59, 58, 7
2025-04-26 16:37:19.322081,43, 58, 57, 8
2025-04-26 16:37:24.302287,44, 60, 60, 9
2025-04-26 16:37:29.282495,40, 59, 59, 10
2025-04-26 16:37:34.321512,41, 58, 58, 11
2025-04-26 16:37:39.422328,42, 60, 57, 12
2025-04-26 16:37:44.281647,43, 59, 60, 13
2025-04-26 16:37:49.321817,44, 58, 59, 14
2025-04-26 16:37:54.301678,40, 60, 58, 0
2025-04-26 16:37:59.281703,41, 59, 57, 1
2025-04-26 16:38:04.322049,42, 58, 60, 2
2025-04-26 16:38:09.302638,43, 60, 59, 3
2025-04-26 16:38:14.283488,44, 59, 58, 4
2025-04-26 16:38:19.322167,40, 58, 57, 5
2025-04-26 16:38:24.302176,41, 60, 60, 6
2025-04-26 16:38:29.282419,42, 59, 59, 7
2025-04-26 16:38:34.322648,43, 58, 58, 8
2025-04-26 16:38:39.302371,44, 60, 57, 9
2025-04-26 16:38:44.282236,40, 59, 60, 10
2025-04-26 16:38:49.322122,41, 58, 59, 11
2025-04-26 16:38:54.302799,42, 60, 58, 12
2025-04-26 16:38:59.282667,43, 59, 57, 13
2025-04-26 16:39:04.322495,44, 58, 60, 14
2025-04-26 16:39:09.302557,40, 60, 59, 0
2025-04-26 16:39:14.282268,41, 59, 58, 1
2025-04-26 16:39:19.322524,42, 58, 57, 2
2025-04-26 16:39:24.303209,43, 60, 60, 3
2025-04-26 16:39:29.343218,44, 59, 59, 4
2025-04-26 16:39:34.322342,40, 58, 58, 5
2025-04-26 16:39:39.303136,41, 60, 57, 6
2025-04-26 16:39:44.282707,42, 59, 60, 7
2025-04-26 16:39:49.323447,43, 58, 59, 8
2025-04-26 16:39:54.363276,44, 60, 58, 9
2025-04-26 16:39:59.282805,40, 59, 57, 10
2025-04-26 16:40:04.322256,41, 58, 60, 11
2025-04-26 16:40:09.303021,42, 60, 59, 12
2025-04-26 16:40:14.283139,43, 59, 58, 13
2025-04-26 16:40:19.322889,44, 58, 57, 14
2025-04-26 16:40:24.302934,40, 60, 60, 0
2025-04-26 16:40:29.282825,41, 59, 59, 1
2025-04-26 16:40:34.622910,42, 58, 58, 2
2025-04-26 16:40:39.362885,43, 60, 57, 3
2025-04-26 16:40:44.283141,44, 59, 60, 4
2025-04-26 16:40:49.322836,40, 58, 59, 5
2025-04-26 16:40:54.303173,41, 60, 58, 6
2025-04-26 16:40:59.283655,42, 59, 57, 7
2025-04-26 16:41:04.323476,43, 58, 60, 8
2025-04-26 16:41:09.303623,44, 60, 59, 9
2025-04-26 16:41:14.343227,40, 59, 58, 10
2025-04-26 16:41:19.325104,41, 58, 57, 11
2025-04-26 16:41:24.303192,42, 60, 60, 12
2025-04-26 16:41:29.283231,43, 59, 59, 13
2025-04-26 16:41:34.323538,44, 58, 58, 14
2025-04-26 16:41:39.304059,40, 60, 57, 0
2025-04-26 16:41:44.283441,41, 59, 60, 1
2025-04-26 16:41:49.323408,42, 58, 59, 2
2025-04-26 16:41:54.303774,43, 60, 58, 3
2025-04-26 16:41:59.284776,44, 59, 57, 4
2025-04-26 16:42:04.323453,40, 58, 60, 5
2025-04-26 16:42:09.304442,41, 60, 59, 6
2025-04-26 16:42:14.283971,42, 59, 58, 7
2025-04-26 16:42:19.324058,43, 58, 57, 8
2025-04-26 16:42:24.364304,44, 60, 60, 9
2025-04-26 16:42:29.344309,40, 59, 59, 10
2025-04-26 16:42:34.264419,41, 58, 58, 11
2025-04-26 16:42:39.364076,42, 60, 57, 12
2025-04-26 16:42:44.284452,43, 59, 60, 13
2025-04-26 16:42:49.324342,44, 58, 59, 14
2025-04-26 16:42:54.304350,40, 60, 58, 0
2025-04-26 16:42:59.284726,41, 59, 57, 1
2025-04-26 16:43:04.263885,42, 58, 60, 2
2025-04-26 16:43:09.303809,43, 60, 59, 3
2025-04-26 16:43:14.284406,44, 59, 58, 4
2025-04-26 16:43:19.264481,40, 58, 57, 5
2025-04-26 16:43:24.305038,41, 60, 60, 6
2025-04-26 16:43:29.284083,42, 59, 59, 7
2025-04-26 16:43:34.264345,43, 58, 58, 8
2025-04-26 16:43:39.304618,44, 60, 57, 9
2025-04-26 16:43:44.284872,40, 59, 60, 10
2025-04-26 16:43:49.324375,41, 58, 59, 11
2025-04-26 16:43:54.304750,42, 60, 58, 12
2025-04-26 16:43:59.345311,43, 59, 57, 13
2025-04-26 16:44:04.324089,44, 58, 60, 14
2025-04-26 16:44:09.304637,40, 60, 59, 0
2025-04-26 16:44:14.285980,41, 59, 58, 1
2025-04-26 16:44:19.264568,42, 58, 57, 2
2025-04-26 16:44:24.305778,43, 60, 60, 3
2025-04-26 16:44:29.284407,44, 59, 59, 4
2025-04-26 16:44:34.264956,40, 58, 58, 5
2025-04-26 16:44:39.305151,41, 60, 57, 6
2025-04-26 16:44:44.285340,42, 59, 60, 7
2025-04-26 16:44:49.265558,43, 58, 59, 8
2025-04-26 16:44:54.305300,44, 60, 58, 9
2025-04-26 16:44:59.284968,40, 59, 57, 10
2025-04-26 16:45:04.265774,41, 58, 60, 11
2025-04-26 16:45:09.305014,42, 60, 59, 12
2025-04-26 16:45:14.285393,43, 59, 58, 13
2025-04-26 16:45:19.265253,44, 58, 57, 14
2025-04-26 16:45:24.305790,40, 60, 60, 0
2025-04-26 16:45:29.285512,41, 59, 59, 1
2025-04-26 16:45:34.265593,42, 58, 58, 2
2025-04-26 16:45:39.305087,43, 60, 57, 3
2025-04-26 16:45:44.285755,44, 59, 60, 4
2025-04-26 16:45:49.264935,40, 58, 59, 5
2025-04-26 16:45:54.305375,41, 60, 58, 6
2025-04-26 16:45:59.286039,42, 59, 57, 7
2025-04-26 16:46:04.325507,43, 58, 60, 8
2025-04-26 16:46:09.305521,44, 60, 59, 9
2025-04-26 16:46:14.285687,40, 59, 58, 10
2025-04-26 16:46:19.266195,41, 58, 57, 11
2025-04-26 16:46:24.306142,42, 60, 60, 12
2025-04-26 16:46:29.285512,43, 59, 59, 13
2025-04-26 16:46:34.265360,44, 58, 58, 14
2025-04-26 16:46:39.305769,40, 60, 57, 0
2025-04-26 16:46:44.286392,41, 59, 60, 1
2025-04-26 16:46:49.265881,42, 58, 59, 2
2025-04-26 16:46:54.306544,43, 60, 58, 3
2025-04-26 16:46:59.286148,44, 59, 57, 4
2025-04-26 16:47:04.265815,40, 58, 60, 5
2025-04-26 16:47:09.306463,41, 60, 59, 6
2025-04-26 16:47:14.287594,42, 59, 58, 7
2025-04-26 16:47:19.266260,43, 58, 57, 8
2025-04-26 16:47:24.305771,44, 60, 60, 9
2025-04-26 16:47:29.286555,40, 59, 59, 10
2025-04-26 16:47:34.266407,41, 58, 58, 11
2025-04-26 16:47:39.306552,42, 60, 57, 12
2025-04-26 16:47:44.286123,43, 59, 60, 13
2025-04-26 16:47:49.266621,44, 58, 59, 14
2025-04-26 16:48:34.266667,43, 58, 58, 8
2025-04-26 16:48:39.306854,44, 60, 57, 9
2025-04-26 16:48:44.286399,40, 59, 60, 10
2025-04-26 16:48:49.267048,41, 58, 59, 11
2025-04-26 16:48:54.306409,42, 60, 58, 12
2025-04-26 16:48:59.287119,43, 59, 57, 13
2025-04-26 16:49:04.267200,44, 58, 60, 14
2025-04-26 16:51:34.267842,44, 58, 58, 14
2025-04-26 16:51:39.308047,40, 60, 57, 0
2025-04-26 16:51:44.287955,41, 59, 60, 1
2025-04-26 16:51:49.268320,42, 58, 59, 2
2025-04-26 16:51:54.307987,43, 60, 58, 3
2025-04-26 16:51:59.287634,44, 59, 57, 4
2025-04-26 16:52:04.268411,40, 58, 60, 5
2025-04-26 16:52:09.308634,41, 60, 59, 6
2025-04-26 16:52:14.288272,42, 59, 58, 7
2025-04-26 16:52:19.268182,43, 58, 57, 8
2025-04-26 16:52:24.308867,44, 60, 60, 9
2025-04-26 16:52:29.288412,40, 59, 59, 10
2025-04-26 16:52:34.388504,41, 58, 58, 11
2025-04-26 16:52:39.308868,42, 60, 57, 12
2025-04-26 16:52:44.348036,43, 59, 60, 13
2025-04-26 16:52:49.268629,44, 58, 59, 14
2025-04-26 16:52:54.308853,40, 60, 58, 0
2025-04-26 16:52:59.350095,41, 59, 57, 1
2025-04-26 16:53:04.269157,42, 58, 60, 2
2025-04-26 16:53:09.309397,43, 60, 59, 3
2025-04-26 16:53:14.289110,44, 59, 58, 4
2025-04-26 16:53:19.268761,40, 58, 57, 5
2025-04-26 16:53:24.308488,41, 60, 60, 6
2025-04-26 16:53:29.288923,42, 59, 59, 7
2025-04-26 16:53:34.269033,43, 58, 58, 8
2025-04-26 16:53:39.309312,44, 60, 57, 9
2025-04-26 16:53:44.289459,40, 59, 60, 10
2025-04-26 16:53:49.268594,41, 58, 59, 11
2025-04-26 16:53:54.309501,42, 60, 58, 12
2025-04-26 16:53:59.348849,43, 59, 57, 13
2025-04-26 16:54:04.269063,44, 58, 60, 14
2025-04-26 16:54:09.309174,40, 60, 59, 0
2025-04-26 16:54:14.288996,41, 59, 58, 1
2025-04-26 16:54:19.270111,42, 58, 57, 2
2025-04-26 16:54:24.309610,43, 60, 60, 3
2025-04-26 16:54:29.289300,44, 59, 59, 4
2025-04-26 16:54:34.268911,40, 58, 58, 5
2025-04-26 16:54:39.308569,41, 60, 57, 6
2025-04-26 16:54:44.289390,42, 59, 60, 7
2025-04-26 16:54:49.270108,43, 58, 59, 8
2025-04-26 16:54:54.309442,44, 60, 58, 9
2025-04-26 16:54:59.289552,40, 59, 57, 10
2025-04-26 16:55:04.269830,41, 58, 60, 11
2025-04-26 16:55:09.310031,42, 60, 59, 12
2025-04-26 16:55:14.289751,43, 59, 58, 13
2025-04-26 16:55:19.269558,44, 58, 57, 14
2025-04-26 16:55:24.309017,40, 60, 60, 0
2025-04-26 16:55:29.289519,41, 59, 59, 1
2025-04-26 16:55:34.270253,42, 58, 58, 2
2025-04-26 16:55:39.309964,43, 60, 57, 3
2025-04-26 16:55:44.289414,44, 59, 60, 4
2025-04-26 16:55:49.269933,40, 58, 59, 5
2025-04-26 16:55:54.249594,41, 60, 58, 6
2025-04-26 16:55:59.290247,42, 59, 57, 7
2025-04-26 16:56:04.270174,43, 58, 60, 8
2025-04-26 16:56:09.249566,44, 60, 59, 9
2025-04-26 16:56:14.290460,40, 59, 58, 10
2025-04-26 16:56:19.270277,41, 58, 57, 11
2025-04-26 16:56:24.249626,42, 60, 60, 12
2025-04-26 16:56:29.349632,43, 59, 59, 13
2025-04-26 16:56:34.269862,44, 58, 58, 14
2025-04-26 16:56:39.250633,40, 60, 57, 0
2025-04-26 16:56:44.289717,41, 59, 60, 1
2025-04-26 16:56:49.269773,42, 58, 59, 2
2025-04-26 16:56:54.250713,43, 60, 58, 3
2025-04-26 16:56:59.289902,44, 59, 57, 4
2025-04-26 16:57:04.269997,40, 58, 60, 5
2025-04-26 16:57:09.250381,41, 60, 59, 6
2025-04-26 16:57:14.350320,42, 59, 58, 7
2025-04-26 16:57:19.270000,43, 58, 57, 8
2025-04-26 16:57:24.250852,44, 60, 60, 9
2025-04-26 16:57:29.291028,40, 59, 59, 10
2025-04-26 16:57:34.270316,41, 58, 58, 11
2025-04-26 16:57:39.251212,42, 60, 57, 12
2025-04-26 16:57:44.291369,43, 59, 60, 13
2025-04-26 16:57:49.270630,44, 58, 59, 14
2025-04-26 16:57:54.250969,40, 60, 58, 0
2025-04-26 16:57:59.290924,41, 59, 57, 1
2025-04-26 16:58:04.270189,42, 58, 60, 2
2025-04-26 16:58:09.250333,43, 60, 59, 3
2025-04-26 16:58:14.291222,44, 59, 58, 4
2025-04-26 16:58:19.270813,40, 58, 57, 5
2025-04-26 16:58:24.250945,41, 60, 60, 6
2025-04-26 16:58:29.291147,42, 59, 59, 7
2025-04-26 16:58:34.270670,43, 58, 58, 8
2025-04-26 16:58:39.251329,44, 60, 57, 9
2025-04-26 16:58:44.291176,40, 59, 60, 10
2025-04-26 16:58:49.272449,41, 58, 59, 11
2025-04-26 16:58:54.252223,42, 60, 58, 12
2025-04-26 16:58:59.291327,43, 59, 57, 13
2025-04-26 16:59:04.271215,44, 58, 60, 14
2025-04-26 16:59:09.251588,40, 60, 59, 0
2025-04-26 16:59:14.291246,41, 59, 58, 1
2025-04-26 16:59:19.271314,42, 58, 57, 2
2025-04-26 16:59:24.250960,43, 60, 60, 3
2025-04-26 16:59:29.291002,44, 59, 59, 4
2025-04-26 16:59:34.271442,40, 58, 58, 5
2025-04-26 16:59:39.251543,41, 60, 57, 6
2025-04-26 16:59:44.291646,42, 59, 60, 7
2025-04-26 16:59:49.271886,43, 58, 59, 8
2025-04-26 16:59:54.252504,44, 60, 58, 9
2025-04-26 16:59:59.291616,40, 59, 57, 10
2025-04-26 17:00:04.271536,41, 58, 60, 11
2025-04-26 17:00:09.252541,42, 60, 59, 12
2025-04-26 17:00:14.291812,43, 59, 58, 13
2025-04-26 17:00:19.271943,44, 58, 57, 14
2025-04-26 17:00:24.251829,40, 60, 60, 0
2025-04-26 17:00:29.292127,41, 59, 59, 1
2025-04-26 17:00:34.271489,42, 58, 58, 2
2025-04-26 17:00:39.252014,43, 60, 57, 3
2025-04-26 17:00:44.292167,44, 59, 60, 4
2025-04-26 17:00:49.272307,40, 58, 59, 5
2025-04-26 17:00:54.252537,41, 60, 58, 6
2025-04-26 17:00:59.292527,42, 59, 57, 7
2025-04-26 17:01:04.272319,43, 58, 60, 8
2025-04-26 17:01:09.252562,44, 60, 59, 9
2025-04-26 17:01:14.292472,40, 59, 58, 10
2025-04-26 17:01:19.271797,41, 58, 57, 11
2025-04-26 17:01:24.252828,42, 60, 60, 12
2025-04-26 17:01:29.292137,43, 59, 59, 13
2025-04-26 17:01:34.272058,44, 58, 58, 14
2025-04-26 17:01:39.254350,40, 60, 57, 0
2025-04-26 17:01:44.292961,41, 59, 60, 1
2025-04-26 17:01:49.272009,42, 58, 59, 2
2025-04-26 17:01:54.252714,43, 60, 58, 3
2025-04-26 17:01:59.292791,44, 59, 57, 4
2025-04-26 17:02:04.272547,40, 58, 60, 5
2025-04-26 17:02:09.252660,41, 60, 59, 6
2025-04-26 17:02:14.292577,42, 59, 58, 7
2025-04-26 17:02:19.273100,43, 58, 57, 8
2025-04-26 17:02:24.252707,44, 60, 60, 9
2025-04-26 17:02:29.292992,40, 59, 59, 10
2025-04-26 17:02:34.273069,41, 58, 58, 11
2025-04-26 17:02:39.253086,42, 60, 57, 12
2025-04-26 17:02:44.292875,43, 59, 60, 13
2025-04-26 17:02:49.272749,44, 58, 59, 14
2025-04-26 17:02:54.253592,40, 60, 58, 0
2025-04-26 17:02:59.292813,41, 59, 57, 1
2025-04-26 17:03:04.273710,42, 58, 60, 2
2025-04-26 17:03:09.253446,43, 60, 59, 3
2025-04-26 17:03:14.293338,44, 59, 58, 4
2025-04-26 17:03:19.273201,40, 58, 57, 5
2025-04-26 17:03:24.253407,41, 60, 60, 6
2025-04-26 17:03:29.292825,42, 59, 59, 7
2025-04-26 17:03:34.273137,43, 58, 58, 8
2025-04-26 17:03:39.252788,44, 60, 57, 9
2025-04-26 17:03:44.293110,40, 59, 60, 10
2025-04-26 17:03:49.273075,41, 58, 59, 11
2025-04-26 17:03:54.253797,42, 60, 58, 12
2025-04-26 17:03:59.353109,43, 59, 57, 13
2025-04-26 17:04:04.273123,44, 58, 60, 14
2025-04-26 17:04:09.253290,40, 60, 59, 0
2025-04-26 17:04:14.293900,41, 59, 58, 1
2025-04-26 17:04:19.273012,42, 58, 57, 2
2025-04-26 17:04:24.252888,43, 60, 60, 3
2025-04-26 17:04:29.293754,44, 59, 59, 4
2025-04-26 17:04:34.273746,40, 58, 58, 5
2025-04-26 17:04:39.255797,41, 60, 57, 6
2025-04-26 17:04:44.293808,42, 59, 60, 7
2025-04-26 17:04:49.273630,43, 58, 59, 8
2025-04-26 17:04:54.253715,44, 60, 58, 9
2025-04-26 17:04:59.293334,40, 59, 57, 10
2025-04-26 17:05:04.273714,41, 58, 60, 11
2025-04-26 17:05:09.254187,42, 60, 59, 12
2025-04-26 17:05:14.294496,43, 59, 58, 13
2025-04-26 17:05:19.274037,44, 58, 57, 14
2025-04-26 17:05:24.254210,40, 60, 60, 0
2025-04-26 17:05:29.294170,41, 59, 59, 1
2025-04-26 17:05:34.273790,42, 58, 58, 2
2025-04-26 17:05:39.253308,43, 60, 57, 3
2025-04-26 17:05:44.293914,44, 59, 60, 4
2025-04-26 17:05:49.274502,40, 58, 59, 5
2025-04-26 17:05:54.254553,41, 60, 58, 6
2025-04-26 17:05:59.293855,42, 59, 57, 7
2025-04-26 17:06:04.274295,43, 58, 60, 8
2025-04-26 17:06:09.254647,44, 60, 59, 9
2025-04-26 17:06:14.294149,40, 59, 58, 10
2025-04-26 17:06:19.274206,41, 58, 57, 11
2025-04-26 17:06:24.314036,42, 60, 60, 12
2025-04-26 17:06:29.294857,43, 59, 59, 13
2025-04-26 17:06:34.274428,44, 58, 58, 14
2025-04-26 17:06:39.254246,40, 60, 57, 0
2025-04-26 17:06:44.294141,41, 59, 60, 1
2025-04-26 17:06:49.274973,42, 58, 59, 2
2025-04-26 17:06:54.254142,43, 60, 58, 3
2025-04-26 17:06:59.294278,44, 59, 57, 4
2025-04-26 17:07:04.274421,40, 58, 60, 5
2025-04-26 17:07:09.254287,41, 60, 59, 6
2025-04-26 17:07:14.294476,42, 59, 58, 7
2025-04-26 17:07:19.274687,43, 58, 57, 8
2025-04-26 17:07:24.314962,44, 60, 60, 9
2025-04-26 17:07:29.294577,40, 59, 59, 10
2025-04-26 17:07:34.274644,41, 58, 58, 11
2025-04-26 17:07:39.257045,42, 60, 57, 12
2025-04-26 17:07:44.294607,43, 59, 60, 13
2025-04-26 17:07:49.275146,44, 58, 59, 14
2025-04-26 17:07:54.254555,40, 60, 58, 0
2025-04-26 17:07:59.294672,41, 59, 57, 1
2025-04-26 17:08:04.275418,42, 58, 60, 2
2025-04-26 17:08:09.255961,43, 60, 59, 3
2025-04-26 17:08:14.295202,44, 59, 58, 4
2025-04-26 17:08:19.274707,40, 58, 57, 5
2025-04-26 17:08:24.255284,41, 60, 60, 6
2025-04-26 17:08:29.295013,42, 59, 59, 7
2025-04-26 17:08:34.275628,43, 58, 58, 8
2025-04-26 17:08:39.255290,44, 60, 57, 9
2025-04-26 17:08:44.295369,40, 59, 60, 10
2025-04-26 17:08:49.275186,41, 58, 59, 11
2025-04-26 17:08:54.255571,42, 60, 58, 12
2025-04-26 17:08:59.235737,43, 59, 57, 13
2025-04-26 17:09:04.275709,44, 58, 60, 14
2025-04-26 17:09:09.256032,40, 60, 59, 0
2025-04-26 17:09:14.235218,41, 59, 58, 1
2025-04-26 17:09:19.275807,42, 58, 57, 2
2025-04-26 17:09:24.256251,43, 60, 60, 3
2025-04-26 17:09:29.235814,44, 59, 59, 4
2025-04-26 17:09:34.275725,40, 58, 58, 5
2025-04-26 17:09:39.256293,41, 60, 57, 6
2025-04-26 17:09:44.235655,42, 59, 60, 7
2025-04-26 17:09:49.275793,43, 58, 59, 8
2025-04-26 17:09:54.255985,44, 60, 58, 9
2025-04-26 17:09:59.235802,40, 59, 57, 10
2025-04-26 17:10:04.276519,41, 58, 60, 11
2025-04-26 17:10:09.256414,42, 60, 59, 12
2025-04-26 17:10:14.235490,43, 59, 58, 13
2025-04-26 17:10:19.276546,44, 58, 57, 14
2025-04-26 17:10:24.256289,40, 60, 60, 0
2025-04-26 17:10:29.236344,41, 59, 59, 1
2025-04-26 17:10:59.236482,42, 59, 57, 7
2025-04-26 17:11:04.277055,43, 58, 60, 8
2025-04-26 17:11:09.256855,44, 60, 59, 9
2025-04-26 17:11:14.236752,40, 59, 58, 10
2025-04-26 17:11:19.276745,41, 58, 57, 11
2025-04-26 17:18:44.225110,40, 59, 60, 10
2025-04-26 17:18:49.280332,41, 58, 59, 11
2025-04-26 17:18:54.260129,42, 60, 58, 12
2025-04-26 17:18:59.240015,43, 59, 57, 13
2025-04-26 17:19:04.279358,44, 58, 60, 14
2025-04-26 17:19:09.260247,40, 60, 59, 0
2025-04-26 17:19:14.239489,41, 59, 58, 1
2025-04-26 17:19:19.281208,42, 58, 57, 2
2025-04-26 17:19:24.260115,43, 60, 60, 3
2025-04-26 17:19:29.240114,44, 59, 59, 4
2025-04-26 17:19:34.280434,40, 58, 58, 5
2025-04-26 17:19:39.260472,41, 60, 57, 6
2025-04-26 17:19:44.240429,42, 59, 60, 7
2025-04-26 17:19:49.280912,43, 58, 59, 8
2025-04-26 17:19:54.260036,44, 60, 58, 9
2025-04-26 17:19:59.240095,40, 59, 57, 10
2025-04-26 17:20:04.280543,41, 58, 60, 11
2025-04-26 17:20:09.319997,42, 60, 59, 12
2025-04-26 17:20:14.240400,43, 59, 58, 13
2025-04-26 17:20:19.280402,44, 58, 57, 14
2025-04-26 17:20:24.260813,40, 60, 60, 0
2025-04-26 17:20:29.240557,41, 59, 59, 1
2025-04-26 17:20:34.279777,42, 58, 58, 2
2025-04-26 17:20:39.260706,43, 60, 57, 3
2025-04-26 17:20:44.241163,44, 59, 60, 4
2025-04-26 17:20:49.280065,40, 58, 59, 5
2025-04-26 17:20:54.260593,41, 60, 58, 6
2025-04-26 17:20:59.241133,42, 59, 57, 7
2025-04-26 17:21:04.280580,43, 58, 60, 8
2025-04-26 17:21:09.260463,44, 60, 59, 9
2025-04-26 17:55:21.202247,35, 35, 55, 9
2025-04-26 17:55:26.182159,36, 34, 54, 7
2025-04-26 17:55:31.222532,37, 33, 53, 8
2025-04-26 17:55:36.202299,38, 32, 52, 9
2025-04-26 17:55:41.182282,39, 31, 51, 7
2025-04-26 17:55:46.222062,40, 30, 50, 8
2025-04-26 17:55:51.202085,41, 29, 49, 9
2025-04-26 17:55:56.182151,42, 28, 48, 7
2025-04-26 17:56:01.222143,43, 27, 47, 8
2025-04-26 17:56:06.202362,44, 26, 46, 9
2025-04-26 17:56:11.182602,45, 25, 45, 7
2025-04-26 17:56:16.222272,30, 24, 44, 8
2025-04-26 17:56:21.202824,31, 23, 43, 9
2025-04-26 17:56:26.182765,32, 22, 42, 7
2025-04-26 17:56:31.222183,33, 21, 41, 8
2025-04-26 17:56:36.202316,34, 20, 40, 9
2025-04-26 17:56:41.182314,35, 40, 60, 7
2025-04-26 17:56:46.222567,36, 39, 59, 8
2025-04-26 17:56:51.202441,37, 38, 58, 9
2025-04-26 17:56:56.182391,38, 37, 57, 7
2025-04-26 17:57:01.222269,39, 36, 56, 8
2025-04-26 17:57:06.202294,40, 35, 55, 9
2025-04-26 17:57:11.183217,41, 34, 54, 7
2025-04-26 17:57:16.223115,42, 33, 53, 8
2025-04-26 17:57:21.202780,43, 32, 52, 9
2025-04-26 17:57:26.184446,44, 31, 51, 7
2025-04-26 17:57:31.222958,45, 30, 50, 8
2025-04-26 17:57:36.203218,30, 29, 49, 9
2025-04-26 17:57:41.183412,31, 28, 48, 7
2025-04-26 17:57:46.223000,32, 27, 47, 8
2025-04-26 17:57:51.203530,33, 26, 46, 9
2025-04-26 17:57:56.243607,34, 25, 45, 7
2025-04-26 17:58:01.283843,35, 24, 44, 8
2025-04-26 17:58:06.202768,36, 23, 43, 9
2025-04-26 17:58:11.183718,37, 22, 42, 7
2025-04-26 17:58:16.163452,38, 21, 41, 8
2025-04-26 17:58:21.203716,39, 20, 40, 9
2025-04-26 17:58:26.183420,40, 40, 60, 7
2025-04-26 17:58:31.163159,41, 39, 59, 8
2025-04-26 17:58:36.203491,42, 38, 58, 9
2025-04-26 17:58:41.183467,43, 37, 57, 7
2025-04-26 17:58:46.163102,44, 36, 56, 8
2025-04-26 17:58:51.204542,45, 35, 55, 9
2025-04-26 17:58:56.184203,30, 34, 54, 7
2025-04-26 17:59:01.163395,31, 33, 53, 8
2025-04-26 17:59:06.323483,32, 32, 52, 9
2025-04-26 17:59:11.245422,33, 31, 51, 7
2025-04-26 17:59:16.163591,34, 30, 50, 8
2025-04-26 17:59:21.203918,35, 29, 49, 9
2025-04-26 17:59:26.243726,36, 28, 48, 7
2025-04-26 17:59:31.165141,37, 27, 47, 8
2025-04-26 17:59:36.264532,38, 26, 46, 9
2025-04-26 17:59:41.183503,39, 25, 45, 7
2025-04-26 17:59:46.164400,40, 24, 44, 8
2025-04-26 17:59:51.203791,41, 23, 43, 9
2025-04-26 17:59:56.183647,42, 22, 42, 7
2025-04-26 18:00:01.163634,43, 21, 41, 8
2025-04-26 18:00:06.204007,44, 20, 40, 9
2025-04-26 18:00:11.184137,45, 40, 60, 7
2025-04-26 18:00:16.164335,30, 39, 59, 8
2025-04-26 18:00:21.203575,31, 38, 58, 9
2025-04-26 18:00:26.185846,32, 37, 57, 7
2025-04-26 18:00:31.164264,33, 36, 56, 8
2025-04-26 18:00:36.263944,34, 35, 55, 9
2025-04-26 18:00:41.184636,35, 34, 54, 7
2025-04-26 18:00:46.163678,36, 33, 53, 8
2025-04-26 18:00:51.204678,37, 32, 52, 9
2025-04-26 18:00:56.184726,38, 31, 51, 7
2025-04-26 18:01:01.164620,39, 30, 50, 8
2025-04-26 18:01:06.204185,40, 29, 49, 9
2025-04-26 18:01:11.185298,41, 28, 48, 7
2025-04-26 18:01:16.164686,42, 27, 47, 8
2025-04-26 18:01:21.204806,43, 26, 46, 9
2025-04-26 18:01:26.184463,44, 25, 45, 7
2025-04-26 18:01:31.164493,45, 24, 44, 8
2025-04-26 18:01:36.204471,30, 23, 43, 9
2025-04-26 18:01:41.184724,31, 22, 42, 7
2025-04-26 18:01:46.164661,32, 21, 41, 8
2025-04-26 18:01:51.206638,33, 20, 40, 9
2025-04-26 18:01:56.184460,34, 40, 60, 7
2025-04-26 18:02:01.164372,35, 39, 59, 8
2025-04-26 18:02:06.205016,36, 38, 58, 9
2025-04-26 18:02:11.184548,37, 37, 57, 7
2025-04-26 18:02:16.164863,38, 36, 56, 8
2025-04-26 18:02:21.205274,39, 35, 55, 9
2025-04-26 18:02:26.184739,40, 34, 54, 7
2025-04-26 18:02:31.164739,41, 33, 53, 8
2025-04-26 18:02:36.205107,42, 32, 52, 9
2025-04-26 18:02:41.184723,43, 31, 51, 7
2025-04-26 18:02:46.164857,44, 30, 50, 8
2025-04-26 18:02:51.205289,45, 29, 49, 9
2025-04-26 18:02:56.185409,30, 28, 48, 7
2025-04-26 18:03:01.165836,31, 27, 47, 8
2025-04-26 18:03:06.205184,32, 26, 46, 9
2025-04-26 18:03:11.185318,33, 25, 45, 7
2025-04-26 18:03:16.165528,34, 24, 44, 8
2025-04-26 18:03:21.206812,35, 23, 43, 9
2025-04-26 18:03:26.185913,36, 22, 42, 7
2025-04-26 18:03:31.166174,37, 21, 41, 8
2025-04-26 18:03:36.205930,38, 20, 40, 9
2025-04-26 18:03:41.186062,39, 40, 60, 7
2025-04-26 18:03:46.165860,40, 39, 59, 8
2025-04-26 18:03:51.205943,41, 38, 58, 9
2025-04-26 18:03:56.185579,42, 37, 57, 7
2025-04-26 18:04:01.165697,43, 36, 56, 8
2025-04-26 18:04:06.205650,44, 35, 55, 9
2025-04-26 18:04:11.245900,45, 34, 54, 7
2025-04-26 18:04:16.166074,30, 33, 53, 8
2025-04-26 18:04:21.205595,31, 32, 52, 9
2025-04-26 18:04:26.186007,32, 31, 51, 7
2025-04-26 18:04:31.166423,33, 30, 50, 8
2025-04-26 18:04:36.209688,34, 29, 49, 9
2025-04-26 18:04:41.186429,35, 28, 48, 7
2025-04-26 18:04:46.165608,36, 27, 47, 8
2025-04-26 18:04:51.206179,37, 26, 46, 9
2025-04-26 18:04:56.245708,38, 25, 45, 7
2025-04-26 18:05:01.165562,39, 24, 44, 8
2025-04-26 18:05:06.206459,40, 23, 43, 9
2025-04-26 18:05:11.186175,41, 22, 42, 7
2025-04-26 18:05:16.166338,42, 21, 41, 8
2025-04-26 18:05:21.206442,43, 20, 40, 9
2025-04-26 18:05:26.186399,44, 40, 60, 7
2025-04-26 18:05:31.167657,45, 39, 59, 8
2025-04-26 18:05:36.265663,30, 38, 58, 9
2025-04-26 18:05:41.185980,31, 37, 57, 7
2025-04-26 18:05:46.226837,32, 36, 56, 8
2025-04-26 18:05:51.206257,33, 35, 55, 9
2025-04-26 18:05:56.186096,34, 34, 54, 7
2025-04-26 18:06:01.166666,35, 33, 53, 8
2025-04-26 18:06:06.205995,36, 32, 52, 9
2025-04-26 18:06:11.186886,37, 31, 51, 7
2025-04-26 18:06:16.167222,38, 30, 50, 8
2025-04-26 18:06:21.208315,39, 29, 49, 9
2025-04-26 18:06:26.186322,40, 28, 48, 7
2025-04-26 18:06:31.226773,41, 27, 47, 8
2025-04-26 18:06:36.207142,42, 26, 46, 9
2025-04-26 18:06:41.187033,43, 25, 45, 7
2025-04-26 18:06:46.167413,44, 24, 44, 8
2025-04-26 18:06:51.207096,45, 23, 43, 9
2025-04-26 18:06:56.186770,30, 22, 42, 7
2025-04-26 18:07:01.226768,31, 21, 41, 8
2025-04-26 18:07:06.207574,32, 20, 40, 9
2025-04-26 18:07:11.187261,33, 40, 60, 7
2025-04-26 18:07:16.166511,34, 39, 59, 8
2025-04-26 18:07:21.207508,35, 38, 58, 9
2025-04-26 18:07:26.187410,36, 37, 57, 7
2025-04-26 18:07:31.167525,37, 36, 56, 8
2025-04-26 18:07:36.206785,38, 35, 55, 9
2025-04-26 18:07:41.187790,39, 34, 54, 7
2025-04-26 18:07:46.167080,40, 33, 53, 8
2025-04-26 18:07:51.207256,41, 32, 52, 9
2025-04-26 18:07:56.187546,42, 31, 51, 7
2025-04-26 18:08:01.167257,43, 30, 50, 8
2025-04-26 18:08:06.207029,44, 29, 49, 9
2025-04-26 18:08:11.187889,45, 28, 48, 7
2025-04-26 18:08:16.167385,30, 27, 47, 8
2025-04-26 18:08:21.208011,31, 26, 46, 9
2025-04-26 18:08:26.187212,32, 25, 45, 7
2025-04-26 18:08:31.167709,33, 24, 44, 8
2025-04-26 18:08:36.208089,34, 23, 43, 9
2025-04-26 18:08:41.188097,35, 22, 42, 7
2025-04-26 18:08:46.168207,36, 21, 41, 8
2025-04-26 18:08:51.267531,37, 20, 40, 9
2025-04-26 18:08:56.187836,38, 40, 60, 7
2025-04-26 18:09:01.167597,39, 39, 59, 8
2025-04-26 18:09:06.208480,40, 38, 58, 9
2025-04-26 18:09:11.188224,41, 37, 57, 7
2025-04-26 18:09:16.167849,42, 36, 56, 8
2025-04-26 18:09:21.209142,43, 35, 55, 9
2025-04-26 18:09:26.187983,44, 34, 54, 7
2025-04-26 18:09:31.168092,45, 33, 53, 8
2025-04-26 18:09:36.208847,30, 32, 52, 9
2025-04-26 18:09:41.188517,31, 31, 51, 7
2025-04-26 18:09:46.168658,32, 30, 50, 8
2025-04-26 18:09:51.208954,33, 29, 49, 9
2025-04-26 18:09:56.188015,34, 28, 48, 7
2025-04-26 18:10:01.168664,35, 27, 47, 8
2025-04-26 18:10:06.268108,36, 26, 46, 9
2025-04-26 18:10:11.188448,37, 25, 45, 7
2025-04-26 18:10:16.168308,38, 24, 44, 8
2025-04-26 18:10:21.208589,39, 23, 43, 9
2025-04-26 18:10:26.188724,40, 22, 42, 7
2025-04-26 18:10:31.168534,41, 21, 41, 8
2025-04-26 18:10:36.208660,42, 20, 40, 9
2025-04-26 18:10:41.188433,43, 40, 60, 7
2025-04-26 18:10:46.168758,44, 39, 59, 8
2025-04-26 18:10:51.208236,45, 38, 58, 9
2025-04-26 18:10:56.188996,30, 37, 57, 7
2025-04-26 18:11:01.168923,31, 36, 56, 8
2025-04-26 18:11:06.208581,32, 35, 55, 9
2025-04-26 18:11:11.248594,33, 34, 54, 7
2025-04-26 18:11:16.168995,34, 33, 53, 8
2025-04-26 18:11:21.148704,35, 32, 52, 9
2025-04-26 18:11:26.188831,36, 31, 51, 7
2025-04-26 18:11:31.168862,37, 30, 50, 8
2025-04-26 18:11:36.149393,38, 29, 49, 9
2025-04-26 18:11:41.189006,39, 28, 48, 7
2025-04-26 18:11:46.169239,40, 27, 47, 8
2025-04-26 18:11:51.148967,41, 26, 46, 9
2025-04-26 18:11:56.188861,42, 25, 45, 7
2025-04-26 18:12:01.169363,43, 24, 44, 8
2025-04-26 18:12:06.149476,44, 23, 43, 9
2025-04-26 18:12:11.189755,45, 22, 42, 7
2025-04-26 18:12:16.171521,30, 21, 41, 8
2025-04-26 18:12:21.149242,31, 20, 40, 9
2025-04-26 18:12:26.189643,32, 40, 60, 7
2025-04-26 18:12:31.169769,33, 39, 59, 8
2025-04-26 18:12:36.149622,34, 38, 58, 9
2025-04-26 18:12:41.189420,35, 37, 57, 7
2025-04-26 18:12:46.169732,36, 36, 56, 8
2025-04-26 18:12:51.149049,37, 35, 55, 9
2025-04-26 18:12:56.189572,38, 34, 54, 7
2025-04-26 18:13:01.169964,39, 33, 53, 8
2025-04-26 18:13:06.149549,40, 32, 52, 9
2025-04-26 18:13:11.189314,41, 31, 51, 7
2025-04-26 18:13:16.169712,42, 30, 50, 8
2025-04-26 18:13:21.150016,43, 29, 49, 9
2025-04-26 18:13:26.189605,44, 28, 48, 7
2025-04-26 18:13:31.169564,45, 27, 47, 8
2025-04-26 18:13:36.209629,30, 26, 46, 9
2025-04-26 18:13:41.190537,31, 25, 45, 7
2025-04-26 18:13:46.170400,32, 24, 44, 8
2025-04-26 18:13:51.149656,33, 23, 43, 9
2025-04-26 18:13:56.190168,34, 22, 42, 7
2025-04-26 18:14:01.170374,35, 21, 41, 8
2025-04-26 18:14:06.149739,36, 20, 40, 9
2025-04-26 18:14:11.190635,37, 40, 60, 7
2025-04-26 18:14:16.169957,38, 39, 59, 8
2025-04-26 18:14:21.150380,39, 38, 58, 9
2025-04-26 18:14:26.189854,40, 37, 57, 7
2025-04-26 18:14:31.169837,41, 36, 56, 8
2025-04-26 18:14:36.150587,42, 35, 55, 9
2025-04-26 18:14:41.250549,43, 34, 54, 7
2025-04-26 18:14:46.170195,44, 33, 53, 8
2025-04-26 18:14:51.149855,45, 32, 52, 9
2025-04-26 18:14:56.190449,30, 31, 51, 7
2025-04-26 18:15:01.172079,31, 30, 50, 8
2025-04-26 18:15:06.150644,32, 29, 49, 9
2025-04-26 18:15:11.190026,33, 28, 48, 7
