Timestamp,Health
2025-04-26 16:36:27.817937,35
2025-04-26 16:36:30.575631,23
2025-04-26 16:36:58.110100,35
2025-04-26 16:37:01.741004,45
2025-04-26 16:37:28.484590,45
2025-04-26 16:37:32.232777,1.
2025-04-26 16:37:58.980582,35
2025-04-26 16:38:02.562605,17
2025-04-26 16:38:29.275418,65
2025-04-26 16:38:32.991250,55
2025-04-26 16:38:59.770890,23
2025-04-26 16:39:03.540026,1.
2025-04-26 16:39:30.201810,23
2025-04-26 16:39:34.125238,40
2025-04-26 16:40:00.696580,35
2025-04-26 16:40:04.600270,25
2025-04-26 16:40:31.033888,15
2025-04-26 16:40:34.912893,15
2025-04-26 16:41:01.497294,62
2025-04-26 16:41:05.354604,35
2025-04-26 16:41:31.809419,23
2025-04-26 16:41:35.675589,10
2025-04-26 16:42:02.300236,40
2025-04-26 16:42:05.967358,45
2025-04-26 16:42:32.738851,10
2025-04-26 16:42:36.433353,23
2025-04-26 16:43:03.082422,17
2025-04-26 16:43:06.988864,23
2025-04-26 16:43:33.512287,68
2025-04-26 16:43:37.650326,42
2025-04-26 16:44:03.983499,13
2025-04-26 16:44:08.087346,10
2025-04-26 16:44:34.770462,17
2025-04-26 16:44:38.500266,25
2025-04-26 16:45:05.252686,13
2025-04-26 16:45:08.940208,17
2025-04-26 16:45:35.590490,2
2025-04-26 16:45:39.233273,2
2025-04-26 16:46:06.091460,45
2025-04-26 16:46:09.676500,45
2025-04-26 16:46:36.396369,1.
2025-04-26 16:46:40.225520,25
2025-04-26 16:47:06.736759,55
2025-04-26 16:47:10.808419,55
2025-04-26 16:47:37.230576,25
2025-04-26 16:47:41.234669,20
2025-04-26 16:48:22.619854,1.
2025-04-26 16:48:25.058428,10
2025-04-26 16:48:53.411421,18
2025-04-26 16:48:55.596112,23
2025-04-26 16:51:23.734758,10
2025-04-26 16:51:26.464018,1.
2025-04-26 16:51:54.250355,28
2025-04-26 16:51:56.786919,45
2025-04-26 16:52:24.783771,55
2025-04-26 16:52:27.140877,35
2025-04-26 16:52:55.223098,30
2025-04-26 16:52:57.548204,17
2025-04-26 16:53:25.547334,40
2025-04-26 16:53:27.879402,65
2025-04-26 16:53:56.007380,23
2025-04-26 16:53:58.495915,42
2025-04-26 16:54:26.319177,27
2025-04-26 16:54:28.760222,23
2025-04-26 16:54:56.611108,40
2025-04-26 16:54:59.074762,45
2025-04-26 16:55:27.226700,10
2025-04-26 16:55:29.615364,25
2025-04-26 16:55:57.526344,45
2025-04-26 16:56:00.145318,52
2025-04-26 16:56:27.819156,1.
2025-04-26 16:56:30.527605,13
2025-04-26 16:56:58.076666,43
2025-04-26 16:57:01.113738,42
2025-04-26 16:57:28.359693,25
2025-04-26 16:57:31.660162,25
2025-04-26 16:57:58.792900,25
2025-04-26 16:58:02.075490,17
2025-04-26 16:58:29.215300,55
2025-04-26 16:58:32.729166,45
2025-04-26 16:58:59.669497,30
2025-04-26 16:59:03.272948,1.
2025-04-26 16:59:30.136252,23
2025-04-26 16:59:33.729521,40
2025-04-26 17:00:00.675734,30
2025-04-26 17:00:04.168717,25
2025-04-26 17:00:30.958412,17
2025-04-26 17:00:34.571965,10
2025-04-26 17:01:01.423588,62
2025-04-26 17:01:05.119447,45
2025-04-26 17:01:31.756086,17
2025-04-26 17:01:35.444085,1.
2025-04-26 17:02:02.496516,32
2025-04-26 17:02:05.796512,45
2025-04-26 17:02:32.992397,25
2025-04-26 17:02:36.411306,23
2025-04-26 17:03:03.281156,26
2025-04-26 17:03:07.002774,2
2025-04-26 17:03:33.751918,45
2025-04-26 17:03:37.535126,45
2025-04-26 17:04:04.201486,13
2025-04-26 17:04:08.065334,1.
2025-04-26 17:04:34.657725,12
2025-04-26 17:04:38.538134,35
2025-04-26 17:05:05.100143,23
2025-04-26 17:05:09.273035,23
2025-04-26 17:05:35.455890,2
2025-04-26 17:05:39.656852,45
2025-04-26 17:06:05.908264,45
2025-04-26 17:06:09.946727,35
2025-04-26 17:06:36.302802,17
2025-04-26 17:06:40.414071,25
2025-04-26 17:07:06.607884,45
2025-04-26 17:07:10.833347,55
2025-04-26 17:07:37.039701,25
2025-04-26 17:07:41.179421,23
2025-04-26 17:08:07.517063,2
2025-04-26 17:08:11.522875,32
2025-04-26 17:08:37.944170,45
2025-04-26 17:08:41.961500,45
2025-04-26 17:09:08.443978,1. 0
2025-04-26 17:09:12.352434,25
2025-04-26 17:09:38.872595,45
2025-04-26 17:09:42.765169,45
2025-04-26 17:10:09.302569,12
2025-04-26 17:10:13.181518,26
2025-04-26 17:10:45.388648,15
2025-04-26 17:10:48.819055,15
2025-04-26 17:11:15.817408,25
2025-04-26 17:11:19.299357,10
2025-04-26 17:11:26.260422,32
2025-04-26 17:11:46.363067,35
2025-04-26 17:11:56.682062,35
2025-04-26 17:12:16.799736,25
2025-04-26 17:12:27.409373,35
2025-04-26 17:12:47.240244,35
2025-04-26 17:18:36.030830,35
2025-04-26 17:18:38.842876,23
2025-04-26 17:19:06.559353,1.
2025-04-26 17:19:09.328363,1.
2025-04-26 17:19:37.026538,30
2025-04-26 17:19:39.955277,45
2025-04-26 17:20:07.681239,27
2025-04-26 17:20:10.454704,23
2025-04-26 17:20:37.966079,2
2025-04-26 17:20:40.737586,47
2025-04-26 17:21:08.494228,35
2025-04-26 17:55:10.176067,40
2025-04-26 17:55:12.712555,35
2025-04-26 17:55:23.283752,45
2025-04-26 17:55:40.468187,35
2025-04-26 17:55:53.745858,23
2025-04-26 17:56:10.947544,17
2025-04-26 17:56:24.076920,35
2025-04-26 17:56:41.300997,35
2025-04-26 17:56:54.443239,45
2025-04-26 17:57:11.747583,65
2025-04-26 17:57:24.955740,35
2025-04-26 17:57:42.589075,65
2025-04-26 17:57:55.499736,35
2025-04-26 17:58:12.908181,42
2025-04-26 17:58:25.989085,15
2025-04-26 17:58:43.498727,45
2025-04-26 17:58:56.601881,25
2025-04-26 17:59:13.987885,55
2025-04-26 17:59:26.893514,39
2025-04-26 17:59:44.299039,45
2025-04-26 17:59:57.367154,42
2025-04-26 18:00:14.727513,45
2025-04-26 18:00:27.903661,67
2025-04-26 18:00:45.042360,45
2025-04-26 18:00:58.278852,45
2025-04-26 18:01:15.530864,35
2025-04-26 18:01:28.693886,45
2025-04-26 18:01:45.860389,45
2025-04-26 18:01:58.974955,65
2025-04-26 18:02:16.311079,67
2025-04-26 18:02:29.421678,62
2025-04-26 18:02:46.805879,45
2025-04-26 18:02:59.889715,45
2025-04-26 18:03:17.289488,45
2025-04-26 18:03:30.402583,35
2025-04-26 18:03:47.953964,45
2025-04-26 18:04:00.761762,45
2025-04-26 18:04:18.765058,45
2025-04-26 18:04:31.374900,62
2025-04-26 18:04:49.224191,42
2025-04-26 18:05:01.831404,23
2025-04-26 18:05:19.863353,23
2025-04-26 18:05:32.261762,45
2025-04-26 18:05:50.351168,45
2025-04-26 18:06:02.771368,45
2025-04-26 18:06:20.624120,45
2025-04-26 18:06:33.135062,32
2025-04-26 18:06:51.008127,35
2025-04-26 18:07:03.603152,45
2025-04-26 18:07:21.338264,45
2025-04-26 18:07:34.013142,62
2025-04-26 18:07:51.895883,45
2025-04-26 18:08:04.488239,23
2025-04-26 18:08:22.177961,35
2025-04-26 18:08:34.912134,45
2025-04-26 18:08:52.689774,35
2025-04-26 18:09:05.364453,45
2025-04-26 18:09:23.250221,45
2025-04-26 18:09:35.652473,45
2025-04-26 18:09:52.747660,45
2025-04-26 18:09:53.649112,45
2025-04-26 18:10:23.211317,32
2025-04-26 18:10:24.406605,17
2025-04-26 18:10:53.574548,35
2025-04-26 18:10:54.716442,45
2025-04-26 18:11:24.097249,35
2025-04-26 18:11:25.179243,45
2025-04-26 18:11:54.522442,23
2025-04-26 18:11:55.627058,26
2025-04-26 18:12:24.783665,25
2025-04-26 18:12:25.859413,30
2025-04-26 18:12:55.077402,35
2025-04-26 18:12:56.269495,45
2025-04-26 18:13:25.679698,1.
2025-04-26 18:13:26.683891,45
2025-04-26 18:13:55.926362,25
2025-04-26 18:13:57.239694,45
2025-04-26 18:14:26.362553,28
2025-04-26 18:14:27.893848,65
2025-04-26 18:14:56.837978,65
2025-04-26 18:14:58.509511,55
